,Ball,Batsman Run,Bowler,Date,Innings,Non Striker,Non Striker Run,Player Out,Striker,Striker Run,Team 1,Team 2,Team Total,Toss,Venue,Wicket,Winner/Result
0,0.1,0,SM Pollock,2007-02-14,1st,Imran Nazir,0,,Mohammad Hafeez,0,South Africa,Pakistan,0,Pakistan,New Wanderers Stadium,0,South Africa
1,0.2,0,SM Pollock,2007-02-14,1st,Imran Nazir,0,,Mohammad Hafeez,0,South Africa,Pakistan,0,Pakistan,New Wanderers Stadium,0,South Africa
2,0.3,0,SM Pollock,2007-02-14,1st,Imran Nazir,0,,Mohammad Hafeez,0,South Africa,Pakistan,0,Pakistan,New Wanderers Stadium,0,South Africa
3,0.4,0,SM Pollock,2007-02-14,1st,Imran Nazir,0,,Mohammad Hafeez,0,South Africa,Pakistan,0,Pakistan,New Wanderers Stadium,0,South Africa
4,0.5,0,SM Pollock,2007-02-14,1st,Imran Nazir,0,,Mohammad Hafeez,0,South Africa,Pakistan,0,Pakistan,New Wanderers Stadium,0,South Africa
5,0.6,0,SM Pollock,2007-02-14,1st,Imran Nazir,0,Mohammad Hafeez,Mohammad Hafeez,0,South Africa,Pakistan,0,Pakistan,New Wanderers Stadium,1,South Africa
6,1.1,0,M Ntini,2007-02-14,1st,Younis Khan,0,,Imran Nazir,0,South Africa,Pakistan,1,Pakistan,New Wanderers Stadium,1,South Africa
7,1.2,0,M Ntini,2007-02-14,1st,Younis Khan,0,,Imran Nazir,0,South Africa,Pakistan,1,Pakistan,New Wanderers Stadium,1,South Africa
8,1.3,0,M Ntini,2007-02-14,1st,Younis Khan,0,,Imran Nazir,0,South Africa,Pakistan,1,Pakistan,New Wanderers Stadium,1,South Africa
9,1.4,4,M Ntini,2007-02-14,1st,Younis Khan,0,,Imran Nazir,4,South Africa,Pakistan,5,Pakistan,New Wanderers Stadium,1,South Africa
10,1.5,0,M Ntini,2007-02-14,1st,Younis Khan,0,,Imran Nazir,4,South Africa,Pakistan,5,Pakistan,New Wanderers Stadium,1,South Africa
11,1.6,1,M Ntini,2007-02-14,1st,Younis Khan,0,,Imran Nazir,5,South Africa,Pakistan,6,Pakistan,New Wanderers Stadium,1,South Africa
12,1.7,0,M Ntini,2007-02-14,1st,Imran Nazir,5,,Younis Khan,0,South Africa,Pakistan,6,Pakistan,New Wanderers Stadium,1,South Africa
13,2.1,1,SM Pollock,2007-02-14,1st,Younis Khan,0,,Imran Nazir,6,South Africa,Pakistan,7,Pakistan,New Wanderers Stadium,1,South Africa
14,2.2,0,SM Pollock,2007-02-14,1st,Imran Nazir,6,,Younis Khan,0,South Africa,Pakistan,7,Pakistan,New Wanderers Stadium,1,South Africa
15,2.3,0,SM Pollock,2007-02-14,1st,Imran Nazir,6,,Younis Khan,0,South Africa,Pakistan,7,Pakistan,New Wanderers Stadium,1,South Africa
16,2.4,0,SM Pollock,2007-02-14,1st,Imran Nazir,6,,Younis Khan,0,South Africa,Pakistan,7,Pakistan,New Wanderers Stadium,1,South Africa
17,2.5,0,SM Pollock,2007-02-14,1st,Imran Nazir,6,,Younis Khan,0,South Africa,Pakistan,7,Pakistan,New Wanderers Stadium,1,South Africa
18,2.6,0,SM Pollock,2007-02-14,1st,Imran Nazir,6,,Younis Khan,0,South Africa,Pakistan,7,Pakistan,New Wanderers Stadium,1,South Africa
19,3.1,0,M Ntini,2007-02-14,1st,Younis Khan,0,,Imran Nazir,6,South Africa,Pakistan,7,Pakistan,New Wanderers Stadium,1,South Africa
20,3.2,0,M Ntini,2007-02-14,1st,Younis Khan,0,,Imran Nazir,6,South Africa,Pakistan,7,Pakistan,New Wanderers Stadium,1,South Africa
21,3.3,0,M Ntini,2007-02-14,1st,Younis Khan,0,,Imran Nazir,6,South Africa,Pakistan,7,Pakistan,New Wanderers Stadium,1,South Africa
22,3.4,1,M Ntini,2007-02-14,1st,Younis Khan,0,,Imran Nazir,7,South Africa,Pakistan,8,Pakistan,New Wanderers Stadium,1,South Africa
23,3.5,0,M Ntini,2007-02-14,1st,Imran Nazir,7,,Younis Khan,0,South Africa,Pakistan,8,Pakistan,New Wanderers Stadium,1,South Africa
24,3.6,0,M Ntini,2007-02-14,1st,Imran Nazir,7,,Younis Khan,0,South Africa,Pakistan,8,Pakistan,New Wanderers Stadium,1,South Africa
25,4.1,6,SM Pollock,2007-02-14,1st,Younis Khan,0,,Imran Nazir,13,South Africa,Pakistan,14,Pakistan,New Wanderers Stadium,1,South Africa
26,4.2,0,SM Pollock,2007-02-14,1st,Younis Khan,0,,Imran Nazir,13,South Africa,Pakistan,18,Pakistan,New Wanderers Stadium,1,South Africa
27,4.3,0,SM Pollock,2007-02-14,1st,Younis Khan,0,,Imran Nazir,13,South Africa,Pakistan,18,Pakistan,New Wanderers Stadium,1,South Africa
28,4.4,1,SM Pollock,2007-02-14,1st,Younis Khan,0,,Imran Nazir,14,South Africa,Pakistan,19,Pakistan,New Wanderers Stadium,1,South Africa
29,4.5,0,SM Pollock,2007-02-14,1st,Imran Nazir,14,,Younis Khan,0,South Africa,Pakistan,19,Pakistan,New Wanderers Stadium,1,South Africa
30,4.6,0,SM Pollock,2007-02-14,1st,Imran Nazir,14,,Younis Khan,0,South Africa,Pakistan,19,Pakistan,New Wanderers Stadium,1,South Africa
31,5.1,4,M Ntini,2007-02-14,1st,Younis Khan,0,,Imran Nazir,18,South Africa,Pakistan,23,Pakistan,New Wanderers Stadium,1,South Africa
32,5.2,2,M Ntini,2007-02-14,1st,Younis Khan,0,,Imran Nazir,20,South Africa,Pakistan,25,Pakistan,New Wanderers Stadium,1,South Africa
33,5.3,0,M Ntini,2007-02-14,1st,Younis Khan,0,,Imran Nazir,20,South Africa,Pakistan,25,Pakistan,New Wanderers Stadium,1,South Africa
34,5.4,1,M Ntini,2007-02-14,1st,Younis Khan,0,,Imran Nazir,21,South Africa,Pakistan,26,Pakistan,New Wanderers Stadium,1,South Africa
35,5.5,0,M Ntini,2007-02-14,1st,Imran Nazir,21,,Younis Khan,0,South Africa,Pakistan,26,Pakistan,New Wanderers Stadium,1,South Africa
36,5.6,0,M Ntini,2007-02-14,1st,Imran Nazir,21,,Younis Khan,0,South Africa,Pakistan,26,Pakistan,New Wanderers Stadium,1,South Africa
37,6.1,0,SM Pollock,2007-02-14,1st,Younis Khan,0,,Imran Nazir,21,South Africa,Pakistan,26,Pakistan,New Wanderers Stadium,1,South Africa
38,6.2,1,SM Pollock,2007-02-14,1st,Younis Khan,0,,Imran Nazir,22,South Africa,Pakistan,27,Pakistan,New Wanderers Stadium,1,South Africa
39,6.3,0,SM Pollock,2007-02-14,1st,Imran Nazir,22,,Younis Khan,0,South Africa,Pakistan,27,Pakistan,New Wanderers Stadium,1,South Africa
40,6.4,3,SM Pollock,2007-02-14,1st,Imran Nazir,22,,Younis Khan,3,South Africa,Pakistan,30,Pakistan,New Wanderers Stadium,1,South Africa
41,6.5,0,SM Pollock,2007-02-14,1st,Younis Khan,3,,Imran Nazir,22,South Africa,Pakistan,30,Pakistan,New Wanderers Stadium,1,South Africa
42,6.6,0,SM Pollock,2007-02-14,1st,Younis Khan,3,Imran Nazir,Imran Nazir,22,South Africa,Pakistan,30,Pakistan,New Wanderers Stadium,2,South Africa
43,7.1,0,M Ntini,2007-02-14,1st,Younis Khan,3,,Kamran Akmal,0,South Africa,Pakistan,30,Pakistan,New Wanderers Stadium,2,South Africa
44,7.2,0,M Ntini,2007-02-14,1st,Younis Khan,3,,Kamran Akmal,0,South Africa,Pakistan,30,Pakistan,New Wanderers Stadium,2,South Africa
45,7.3,0,M Ntini,2007-02-14,1st,Younis Khan,3,,Kamran Akmal,0,South Africa,Pakistan,30,Pakistan,New Wanderers Stadium,2,South Africa
46,7.4,1,M Ntini,2007-02-14,1st,Younis Khan,3,,Kamran Akmal,1,South Africa,Pakistan,31,Pakistan,New Wanderers Stadium,2,South Africa
47,7.5,4,M Ntini,2007-02-14,1st,Kamran Akmal,1,,Younis Khan,7,South Africa,Pakistan,35,Pakistan,New Wanderers Stadium,2,South Africa
48,7.6,4,M Ntini,2007-02-14,1st,Kamran Akmal,1,,Younis Khan,11,South Africa,Pakistan,39,Pakistan,New Wanderers Stadium,2,South Africa
49,8.1,0,SM Pollock,2007-02-14,1st,Younis Khan,11,,Kamran Akmal,1,South Africa,Pakistan,39,Pakistan,New Wanderers Stadium,2,South Africa
50,8.2,0,SM Pollock,2007-02-14,1st,Younis Khan,11,,Kamran Akmal,1,South Africa,Pakistan,39,Pakistan,New Wanderers Stadium,2,South Africa
51,8.3,1,SM Pollock,2007-02-14,1st,Younis Khan,11,,Kamran Akmal,2,South Africa,Pakistan,40,Pakistan,New Wanderers Stadium,2,South Africa
52,8.4,1,SM Pollock,2007-02-14,1st,Kamran Akmal,2,,Younis Khan,12,South Africa,Pakistan,41,Pakistan,New Wanderers Stadium,2,South Africa
53,8.5,1,SM Pollock,2007-02-14,1st,Younis Khan,12,,Kamran Akmal,3,South Africa,Pakistan,42,Pakistan,New Wanderers Stadium,2,South Africa
54,8.6,0,SM Pollock,2007-02-14,1st,Kamran Akmal,3,,Younis Khan,12,South Africa,Pakistan,42,Pakistan,New Wanderers Stadium,2,South Africa
55,9.1,0,AJ Hall,2007-02-14,1st,Younis Khan,12,,Kamran Akmal,3,South Africa,Pakistan,43,Pakistan,New Wanderers Stadium,2,South Africa
56,9.2,0,AJ Hall,2007-02-14,1st,Younis Khan,12,,Kamran Akmal,3,South Africa,Pakistan,43,Pakistan,New Wanderers Stadium,2,South Africa
57,9.3,1,AJ Hall,2007-02-14,1st,Younis Khan,12,,Kamran Akmal,4,South Africa,Pakistan,44,Pakistan,New Wanderers Stadium,2,South Africa
58,9.4,0,AJ Hall,2007-02-14,1st,Kamran Akmal,4,,Younis Khan,12,South Africa,Pakistan,44,Pakistan,New Wanderers Stadium,2,South Africa
59,9.5,0,AJ Hall,2007-02-14,1st,Kamran Akmal,4,,Younis Khan,12,South Africa,Pakistan,44,Pakistan,New Wanderers Stadium,2,South Africa
60,9.6,0,AJ Hall,2007-02-14,1st,Kamran Akmal,4,,Younis Khan,12,South Africa,Pakistan,44,Pakistan,New Wanderers Stadium,2,South Africa
61,9.7,0,AJ Hall,2007-02-14,1st,Kamran Akmal,4,,Younis Khan,12,South Africa,Pakistan,44,Pakistan,New Wanderers Stadium,2,South Africa
62,10.1,0,SM Pollock,2007-02-14,1st,Younis Khan,12,,Kamran Akmal,4,South Africa,Pakistan,44,Pakistan,New Wanderers Stadium,2,South Africa
63,10.2,0,SM Pollock,2007-02-14,1st,Younis Khan,12,,Kamran Akmal,4,South Africa,Pakistan,44,Pakistan,New Wanderers Stadium,2,South Africa
64,10.3,0,SM Pollock,2007-02-14,1st,Younis Khan,12,,Kamran Akmal,4,South Africa,Pakistan,44,Pakistan,New Wanderers Stadium,2,South Africa
65,10.4,0,SM Pollock,2007-02-14,1st,Younis Khan,12,,Kamran Akmal,4,South Africa,Pakistan,44,Pakistan,New Wanderers Stadium,2,South Africa
66,10.5,0,SM Pollock,2007-02-14,1st,Younis Khan,12,,Kamran Akmal,4,South Africa,Pakistan,44,Pakistan,New Wanderers Stadium,2,South Africa
67,10.6,2,SM Pollock,2007-02-14,1st,Younis Khan,12,,Kamran Akmal,6,South Africa,Pakistan,46,Pakistan,New Wanderers Stadium,2,South Africa
68,11.1,0,AJ Hall,2007-02-14,1st,Kamran Akmal,6,,Younis Khan,12,South Africa,Pakistan,46,Pakistan,New Wanderers Stadium,2,South Africa
69,11.2,4,AJ Hall,2007-02-14,1st,Kamran Akmal,6,,Younis Khan,16,South Africa,Pakistan,50,Pakistan,New Wanderers Stadium,2,South Africa
70,11.3,0,AJ Hall,2007-02-14,1st,Kamran Akmal,6,,Younis Khan,16,South Africa,Pakistan,50,Pakistan,New Wanderers Stadium,2,South Africa
71,11.4,3,AJ Hall,2007-02-14,1st,Kamran Akmal,6,,Younis Khan,19,South Africa,Pakistan,53,Pakistan,New Wanderers Stadium,2,South Africa
72,11.5,0,AJ Hall,2007-02-14,1st,Younis Khan,19,,Kamran Akmal,6,South Africa,Pakistan,53,Pakistan,New Wanderers Stadium,2,South Africa
73,11.6,0,AJ Hall,2007-02-14,1st,Younis Khan,19,,Kamran Akmal,6,South Africa,Pakistan,53,Pakistan,New Wanderers Stadium,2,South Africa
74,12.1,0,SM Pollock,2007-02-14,1st,Kamran Akmal,6,,Younis Khan,19,South Africa,Pakistan,53,Pakistan,New Wanderers Stadium,2,South Africa
75,12.2,0,SM Pollock,2007-02-14,1st,Kamran Akmal,6,,Younis Khan,19,South Africa,Pakistan,53,Pakistan,New Wanderers Stadium,2,South Africa
76,12.3,0,SM Pollock,2007-02-14,1st,Kamran Akmal,6,Younis Khan,Younis Khan,19,South Africa,Pakistan,53,Pakistan,New Wanderers Stadium,3,South Africa
77,12.4,0,SM Pollock,2007-02-14,1st,Kamran Akmal,6,,Mohammad Yousuf,0,South Africa,Pakistan,53,Pakistan,New Wanderers Stadium,3,South Africa
78,12.5,0,SM Pollock,2007-02-14,1st,Kamran Akmal,6,,Mohammad Yousuf,0,South Africa,Pakistan,53,Pakistan,New Wanderers Stadium,3,South Africa
79,12.6,4,SM Pollock,2007-02-14,1st,Kamran Akmal,6,,Mohammad Yousuf,4,South Africa,Pakistan,57,Pakistan,New Wanderers Stadium,3,South Africa
80,13.1,1,AJ Hall,2007-02-14,1st,Mohammad Yousuf,4,,Kamran Akmal,7,South Africa,Pakistan,58,Pakistan,New Wanderers Stadium,3,South Africa
81,13.2,1,AJ Hall,2007-02-14,1st,Kamran Akmal,7,,Mohammad Yousuf,5,South Africa,Pakistan,59,Pakistan,New Wanderers Stadium,3,South Africa
82,13.3,0,AJ Hall,2007-02-14,1st,Mohammad Yousuf,5,,Kamran Akmal,7,South Africa,Pakistan,59,Pakistan,New Wanderers Stadium,3,South Africa
83,13.4,4,AJ Hall,2007-02-14,1st,Mohammad Yousuf,5,,Kamran Akmal,11,South Africa,Pakistan,63,Pakistan,New Wanderers Stadium,3,South Africa
84,13.5,0,AJ Hall,2007-02-14,1st,Mohammad Yousuf,5,,Kamran Akmal,11,South Africa,Pakistan,63,Pakistan,New Wanderers Stadium,3,South Africa
85,13.6,4,AJ Hall,2007-02-14,1st,Mohammad Yousuf,5,,Kamran Akmal,15,South Africa,Pakistan,67,Pakistan,New Wanderers Stadium,3,South Africa
86,14.1,0,SM Pollock,2007-02-14,1st,Kamran Akmal,15,,Mohammad Yousuf,5,South Africa,Pakistan,67,Pakistan,New Wanderers Stadium,3,South Africa
87,14.2,0,SM Pollock,2007-02-14,1st,Kamran Akmal,15,,Mohammad Yousuf,5,South Africa,Pakistan,67,Pakistan,New Wanderers Stadium,3,South Africa
88,14.3,0,SM Pollock,2007-02-14,1st,Kamran Akmal,15,,Mohammad Yousuf,5,South Africa,Pakistan,67,Pakistan,New Wanderers Stadium,3,South Africa
89,14.4,0,SM Pollock,2007-02-14,1st,Kamran Akmal,15,,Mohammad Yousuf,5,South Africa,Pakistan,67,Pakistan,New Wanderers Stadium,3,South Africa
90,14.5,0,SM Pollock,2007-02-14,1st,Kamran Akmal,15,,Mohammad Yousuf,5,South Africa,Pakistan,67,Pakistan,New Wanderers Stadium,3,South Africa
91,14.6,0,SM Pollock,2007-02-14,1st,Kamran Akmal,15,Mohammad Yousuf,Mohammad Yousuf,5,South Africa,Pakistan,67,Pakistan,New Wanderers Stadium,4,South Africa
92,15.1,4,CK Langeveldt,2007-02-14,1st,Inzamam-ul-Haq,0,,Kamran Akmal,19,South Africa,Pakistan,71,Pakistan,New Wanderers Stadium,4,South Africa
93,15.2,0,CK Langeveldt,2007-02-14,1st,Inzamam-ul-Haq,0,,Kamran Akmal,19,South Africa,Pakistan,71,Pakistan,New Wanderers Stadium,4,South Africa
94,15.3,0,CK Langeveldt,2007-02-14,1st,Inzamam-ul-Haq,0,,Kamran Akmal,19,South Africa,Pakistan,71,Pakistan,New Wanderers Stadium,4,South Africa
95,15.4,0,CK Langeveldt,2007-02-14,1st,Inzamam-ul-Haq,0,,Kamran Akmal,19,South Africa,Pakistan,71,Pakistan,New Wanderers Stadium,4,South Africa
96,15.5,0,CK Langeveldt,2007-02-14,1st,Inzamam-ul-Haq,0,,Kamran Akmal,19,South Africa,Pakistan,71,Pakistan,New Wanderers Stadium,4,South Africa
97,15.6,0,CK Langeveldt,2007-02-14,1st,Inzamam-ul-Haq,0,,Kamran Akmal,19,South Africa,Pakistan,71,Pakistan,New Wanderers Stadium,4,South Africa
98,16.1,0,SM Pollock,2007-02-14,1st,Kamran Akmal,19,,Inzamam-ul-Haq,0,South Africa,Pakistan,71,Pakistan,New Wanderers Stadium,4,South Africa
99,16.2,0,SM Pollock,2007-02-14,1st,Kamran Akmal,19,,Inzamam-ul-Haq,0,South Africa,Pakistan,71,Pakistan,New Wanderers Stadium,4,South Africa
100,16.3,0,SM Pollock,2007-02-14,1st,Kamran Akmal,19,,Inzamam-ul-Haq,0,South Africa,Pakistan,71,Pakistan,New Wanderers Stadium,4,South Africa
101,16.4,0,SM Pollock,2007-02-14,1st,Kamran Akmal,19,,Inzamam-ul-Haq,0,South Africa,Pakistan,71,Pakistan,New Wanderers Stadium,4,South Africa
102,16.5,0,SM Pollock,2007-02-14,1st,Kamran Akmal,19,,Inzamam-ul-Haq,0,South Africa,Pakistan,71,Pakistan,New Wanderers Stadium,4,South Africa
103,16.6,0,SM Pollock,2007-02-14,1st,Kamran Akmal,19,Inzamam-ul-Haq,Inzamam-ul-Haq,0,South Africa,Pakistan,71,Pakistan,New Wanderers Stadium,5,South Africa
104,17.1,1,CK Langeveldt,2007-02-14,1st,Shoaib Malik,0,,Kamran Akmal,20,South Africa,Pakistan,73,Pakistan,New Wanderers Stadium,5,South Africa
105,17.2,0,CK Langeveldt,2007-02-14,1st,Kamran Akmal,20,,Shoaib Malik,0,South Africa,Pakistan,73,Pakistan,New Wanderers Stadium,5,South Africa
106,17.3,0,CK Langeveldt,2007-02-14,1st,Kamran Akmal,20,,Shoaib Malik,0,South Africa,Pakistan,73,Pakistan,New Wanderers Stadium,5,South Africa
107,17.4,0,CK Langeveldt,2007-02-14,1st,Kamran Akmal,20,,Shoaib Malik,0,South Africa,Pakistan,73,Pakistan,New Wanderers Stadium,5,South Africa
108,17.5,0,CK Langeveldt,2007-02-14,1st,Kamran Akmal,20,,Shoaib Malik,0,South Africa,Pakistan,73,Pakistan,New Wanderers Stadium,5,South Africa
109,17.6,0,CK Langeveldt,2007-02-14,1st,Kamran Akmal,20,,Shoaib Malik,0,South Africa,Pakistan,73,Pakistan,New Wanderers Stadium,5,South Africa
110,17.7,0,CK Langeveldt,2007-02-14,1st,Kamran Akmal,20,,Shoaib Malik,0,South Africa,Pakistan,73,Pakistan,New Wanderers Stadium,5,South Africa
111,18.1,1,SM Pollock,2007-02-14,1st,Shoaib Malik,0,,Kamran Akmal,21,South Africa,Pakistan,74,Pakistan,New Wanderers Stadium,5,South Africa
112,18.2,0,SM Pollock,2007-02-14,1st,Kamran Akmal,21,,Shoaib Malik,0,South Africa,Pakistan,74,Pakistan,New Wanderers Stadium,5,South Africa
113,18.3,0,SM Pollock,2007-02-14,1st,Kamran Akmal,21,,Shoaib Malik,0,South Africa,Pakistan,74,Pakistan,New Wanderers Stadium,5,South Africa
114,18.4,0,SM Pollock,2007-02-14,1st,Kamran Akmal,21,,Shoaib Malik,0,South Africa,Pakistan,74,Pakistan,New Wanderers Stadium,5,South Africa
115,18.5,1,SM Pollock,2007-02-14,1st,Kamran Akmal,21,,Shoaib Malik,1,South Africa,Pakistan,75,Pakistan,New Wanderers Stadium,5,South Africa
116,18.6,0,SM Pollock,2007-02-14,1st,Shoaib Malik,1,,Kamran Akmal,21,South Africa,Pakistan,75,Pakistan,New Wanderers Stadium,5,South Africa
117,19.1,0,CK Langeveldt,2007-02-14,1st,Kamran Akmal,21,,Shoaib Malik,1,South Africa,Pakistan,75,Pakistan,New Wanderers Stadium,5,South Africa
118,19.2,0,CK Langeveldt,2007-02-14,1st,Kamran Akmal,21,,Shoaib Malik,1,South Africa,Pakistan,75,Pakistan,New Wanderers Stadium,5,South Africa
119,19.3,0,CK Langeveldt,2007-02-14,1st,Kamran Akmal,21,,Shoaib Malik,1,South Africa,Pakistan,75,Pakistan,New Wanderers Stadium,5,South Africa
120,19.4,4,CK Langeveldt,2007-02-14,1st,Kamran Akmal,21,,Shoaib Malik,5,South Africa,Pakistan,79,Pakistan,New Wanderers Stadium,5,South Africa
121,19.5,0,CK Langeveldt,2007-02-14,1st,Kamran Akmal,21,,Shoaib Malik,5,South Africa,Pakistan,79,Pakistan,New Wanderers Stadium,5,South Africa
122,19.6,0,CK Langeveldt,2007-02-14,1st,Kamran Akmal,21,,Shoaib Malik,5,South Africa,Pakistan,80,Pakistan,New Wanderers Stadium,5,South Africa
123,19.7,1,CK Langeveldt,2007-02-14,1st,Kamran Akmal,21,,Shoaib Malik,6,South Africa,Pakistan,81,Pakistan,New Wanderers Stadium,5,South Africa
124,20.1,0,M Ntini,2007-02-14,1st,Kamran Akmal,21,,Shoaib Malik,6,South Africa,Pakistan,81,Pakistan,New Wanderers Stadium,5,South Africa
125,20.2,0,M Ntini,2007-02-14,1st,Kamran Akmal,21,,Shoaib Malik,6,South Africa,Pakistan,81,Pakistan,New Wanderers Stadium,5,South Africa
126,20.3,0,M Ntini,2007-02-14,1st,Kamran Akmal,21,,Shoaib Malik,6,South Africa,Pakistan,81,Pakistan,New Wanderers Stadium,5,South Africa
127,20.4,1,M Ntini,2007-02-14,1st,Kamran Akmal,21,,Shoaib Malik,7,South Africa,Pakistan,82,Pakistan,New Wanderers Stadium,5,South Africa
128,20.5,0,M Ntini,2007-02-14,1st,Shoaib Malik,7,,Kamran Akmal,21,South Africa,Pakistan,82,Pakistan,New Wanderers Stadium,5,South Africa
129,20.6,1,M Ntini,2007-02-14,1st,Shoaib Malik,7,,Kamran Akmal,22,South Africa,Pakistan,83,Pakistan,New Wanderers Stadium,5,South Africa
130,21.1,0,CK Langeveldt,2007-02-14,1st,Shoaib Malik,7,Kamran Akmal,Kamran Akmal,22,South Africa,Pakistan,83,Pakistan,New Wanderers Stadium,6,South Africa
131,21.2,0,CK Langeveldt,2007-02-14,1st,Shoaib Malik,7,,Abdul Razzaq,0,South Africa,Pakistan,83,Pakistan,New Wanderers Stadium,6,South Africa
132,21.3,0,CK Langeveldt,2007-02-14,1st,Shoaib Malik,7,,Abdul Razzaq,0,South Africa,Pakistan,83,Pakistan,New Wanderers Stadium,6,South Africa
133,21.4,0,CK Langeveldt,2007-02-14,1st,Shoaib Malik,7,,Abdul Razzaq,0,South Africa,Pakistan,84,Pakistan,New Wanderers Stadium,6,South Africa
134,21.5,0,CK Langeveldt,2007-02-14,1st,Shoaib Malik,7,,Abdul Razzaq,0,South Africa,Pakistan,84,Pakistan,New Wanderers Stadium,6,South Africa
135,21.6,0,CK Langeveldt,2007-02-14,1st,Shoaib Malik,7,,Abdul Razzaq,0,South Africa,Pakistan,84,Pakistan,New Wanderers Stadium,6,South Africa
136,21.7,0,CK Langeveldt,2007-02-14,1st,Shoaib Malik,7,,Abdul Razzaq,0,South Africa,Pakistan,84,Pakistan,New Wanderers Stadium,6,South Africa
137,22.1,0,M Ntini,2007-02-14,1st,Abdul Razzaq,0,,Shoaib Malik,7,South Africa,Pakistan,84,Pakistan,New Wanderers Stadium,6,South Africa
138,22.2,1,M Ntini,2007-02-14,1st,Abdul Razzaq,0,,Shoaib Malik,8,South Africa,Pakistan,85,Pakistan,New Wanderers Stadium,6,South Africa
139,22.3,1,M Ntini,2007-02-14,1st,Shoaib Malik,8,,Abdul Razzaq,1,South Africa,Pakistan,86,Pakistan,New Wanderers Stadium,6,South Africa
140,22.4,0,M Ntini,2007-02-14,1st,Abdul Razzaq,1,,Shoaib Malik,8,South Africa,Pakistan,86,Pakistan,New Wanderers Stadium,6,South Africa
141,22.5,0,M Ntini,2007-02-14,1st,Abdul Razzaq,1,,Shoaib Malik,8,South Africa,Pakistan,86,Pakistan,New Wanderers Stadium,6,South Africa
142,22.6,0,M Ntini,2007-02-14,1st,Abdul Razzaq,1,,Shoaib Malik,8,South Africa,Pakistan,86,Pakistan,New Wanderers Stadium,6,South Africa
143,23.1,0,CK Langeveldt,2007-02-14,1st,Shoaib Malik,8,,Abdul Razzaq,1,South Africa,Pakistan,86,Pakistan,New Wanderers Stadium,6,South Africa
144,23.2,4,CK Langeveldt,2007-02-14,1st,Shoaib Malik,8,,Abdul Razzaq,5,South Africa,Pakistan,90,Pakistan,New Wanderers Stadium,6,South Africa
145,23.3,0,CK Langeveldt,2007-02-14,1st,Shoaib Malik,8,,Abdul Razzaq,5,South Africa,Pakistan,90,Pakistan,New Wanderers Stadium,6,South Africa
146,23.4,3,CK Langeveldt,2007-02-14,1st,Shoaib Malik,8,,Abdul Razzaq,8,South Africa,Pakistan,93,Pakistan,New Wanderers Stadium,6,South Africa
147,23.5,4,CK Langeveldt,2007-02-14,1st,Abdul Razzaq,8,,Shoaib Malik,12,South Africa,Pakistan,97,Pakistan,New Wanderers Stadium,6,South Africa
148,23.6,3,CK Langeveldt,2007-02-14,1st,Abdul Razzaq,8,,Shoaib Malik,15,South Africa,Pakistan,100,Pakistan,New Wanderers Stadium,6,South Africa
149,24.1,1,M Ntini,2007-02-14,1st,Abdul Razzaq,8,,Shoaib Malik,16,South Africa,Pakistan,101,Pakistan,New Wanderers Stadium,6,South Africa
150,24.2,0,M Ntini,2007-02-14,1st,Shoaib Malik,16,,Abdul Razzaq,8,South Africa,Pakistan,101,Pakistan,New Wanderers Stadium,6,South Africa
151,24.3,0,M Ntini,2007-02-14,1st,Shoaib Malik,16,,Abdul Razzaq,8,South Africa,Pakistan,101,Pakistan,New Wanderers Stadium,6,South Africa
152,24.4,0,M Ntini,2007-02-14,1st,Shoaib Malik,16,,Abdul Razzaq,8,South Africa,Pakistan,101,Pakistan,New Wanderers Stadium,6,South Africa
153,24.5,0,M Ntini,2007-02-14,1st,Shoaib Malik,16,,Abdul Razzaq,8,South Africa,Pakistan,101,Pakistan,New Wanderers Stadium,6,South Africa
154,24.6,0,M Ntini,2007-02-14,1st,Shoaib Malik,16,,Abdul Razzaq,8,South Africa,Pakistan,101,Pakistan,New Wanderers Stadium,6,South Africa
155,25.1,4,CK Langeveldt,2007-02-14,1st,Abdul Razzaq,8,,Shoaib Malik,20,South Africa,Pakistan,105,Pakistan,New Wanderers Stadium,6,South Africa
156,25.2,0,CK Langeveldt,2007-02-14,1st,Abdul Razzaq,8,,Shoaib Malik,20,South Africa,Pakistan,105,Pakistan,New Wanderers Stadium,6,South Africa
157,25.3,1,CK Langeveldt,2007-02-14,1st,Abdul Razzaq,8,,Shoaib Malik,21,South Africa,Pakistan,106,Pakistan,New Wanderers Stadium,6,South Africa
158,25.4,0,CK Langeveldt,2007-02-14,1st,Shoaib Malik,21,,Abdul Razzaq,8,South Africa,Pakistan,106,Pakistan,New Wanderers Stadium,6,South Africa
159,25.5,0,CK Langeveldt,2007-02-14,1st,Shoaib Malik,21,,Abdul Razzaq,8,South Africa,Pakistan,106,Pakistan,New Wanderers Stadium,6,South Africa
160,25.6,0,CK Langeveldt,2007-02-14,1st,Shoaib Malik,21,,Abdul Razzaq,8,South Africa,Pakistan,106,Pakistan,New Wanderers Stadium,6,South Africa
161,26.1,0,AJ Hall,2007-02-14,1st,Abdul Razzaq,8,,Shoaib Malik,21,South Africa,Pakistan,106,Pakistan,New Wanderers Stadium,6,South Africa
162,26.2,0,AJ Hall,2007-02-14,1st,Abdul Razzaq,8,,Shoaib Malik,21,South Africa,Pakistan,106,Pakistan,New Wanderers Stadium,6,South Africa
163,26.3,0,AJ Hall,2007-02-14,1st,Abdul Razzaq,8,,Shoaib Malik,21,South Africa,Pakistan,107,Pakistan,New Wanderers Stadium,6,South Africa
164,26.4,1,AJ Hall,2007-02-14,1st,Abdul Razzaq,8,,Shoaib Malik,22,South Africa,Pakistan,108,Pakistan,New Wanderers Stadium,6,South Africa
165,26.5,3,AJ Hall,2007-02-14,1st,Shoaib Malik,22,,Abdul Razzaq,11,South Africa,Pakistan,111,Pakistan,New Wanderers Stadium,6,South Africa
166,26.6,0,AJ Hall,2007-02-14,1st,Abdul Razzaq,11,,Shoaib Malik,22,South Africa,Pakistan,111,Pakistan,New Wanderers Stadium,6,South Africa
167,26.7,0,AJ Hall,2007-02-14,1st,Abdul Razzaq,11,,Shoaib Malik,22,South Africa,Pakistan,111,Pakistan,New Wanderers Stadium,6,South Africa
168,27.1,0,JH Kallis,2007-02-14,1st,Shoaib Malik,22,,Abdul Razzaq,11,South Africa,Pakistan,111,Pakistan,New Wanderers Stadium,6,South Africa
169,27.2,0,JH Kallis,2007-02-14,1st,Shoaib Malik,22,,Abdul Razzaq,11,South Africa,Pakistan,111,Pakistan,New Wanderers Stadium,6,South Africa
170,27.3,1,JH Kallis,2007-02-14,1st,Shoaib Malik,22,,Abdul Razzaq,12,South Africa,Pakistan,112,Pakistan,New Wanderers Stadium,6,South Africa
171,27.4,0,JH Kallis,2007-02-14,1st,Abdul Razzaq,12,,Shoaib Malik,22,South Africa,Pakistan,112,Pakistan,New Wanderers Stadium,6,South Africa
172,27.5,0,JH Kallis,2007-02-14,1st,Abdul Razzaq,12,,Shoaib Malik,22,South Africa,Pakistan,112,Pakistan,New Wanderers Stadium,6,South Africa
173,27.6,2,JH Kallis,2007-02-14,1st,Abdul Razzaq,12,,Shoaib Malik,24,South Africa,Pakistan,114,Pakistan,New Wanderers Stadium,6,South Africa
174,28.1,0,AJ Hall,2007-02-14,1st,Shoaib Malik,24,,Abdul Razzaq,12,South Africa,Pakistan,114,Pakistan,New Wanderers Stadium,6,South Africa
175,28.2,0,AJ Hall,2007-02-14,1st,Shoaib Malik,24,Abdul Razzaq,Abdul Razzaq,12,South Africa,Pakistan,114,Pakistan,New Wanderers Stadium,7,South Africa
176,28.3,0,AJ Hall,2007-02-14,1st,Shoaib Malik,24,,Naved-ul-Hasan,0,South Africa,Pakistan,114,Pakistan,New Wanderers Stadium,7,South Africa
177,28.4,0,AJ Hall,2007-02-14,1st,Shoaib Malik,24,,Naved-ul-Hasan,0,South Africa,Pakistan,114,Pakistan,New Wanderers Stadium,7,South Africa
178,28.5,0,AJ Hall,2007-02-14,1st,Shoaib Malik,24,,Naved-ul-Hasan,0,South Africa,Pakistan,114,Pakistan,New Wanderers Stadium,7,South Africa
179,28.6,0,AJ Hall,2007-02-14,1st,Shoaib Malik,24,,Naved-ul-Hasan,0,South Africa,Pakistan,114,Pakistan,New Wanderers Stadium,7,South Africa
180,29.1,0,JH Kallis,2007-02-14,1st,Naved-ul-Hasan,0,,Shoaib Malik,24,South Africa,Pakistan,114,Pakistan,New Wanderers Stadium,7,South Africa
181,29.2,0,JH Kallis,2007-02-14,1st,Naved-ul-Hasan,0,,Shoaib Malik,24,South Africa,Pakistan,114,Pakistan,New Wanderers Stadium,7,South Africa
182,29.3,1,JH Kallis,2007-02-14,1st,Naved-ul-Hasan,0,,Shoaib Malik,25,South Africa,Pakistan,115,Pakistan,New Wanderers Stadium,7,South Africa
183,29.4,0,JH Kallis,2007-02-14,1st,Shoaib Malik,25,,Naved-ul-Hasan,0,South Africa,Pakistan,115,Pakistan,New Wanderers Stadium,7,South Africa
184,29.5,0,JH Kallis,2007-02-14,1st,Shoaib Malik,25,,Naved-ul-Hasan,0,South Africa,Pakistan,115,Pakistan,New Wanderers Stadium,7,South Africa
185,29.6,0,JH Kallis,2007-02-14,1st,Shoaib Malik,25,,Naved-ul-Hasan,0,South Africa,Pakistan,115,Pakistan,New Wanderers Stadium,7,South Africa
186,30.1,0,AJ Hall,2007-02-14,1st,Naved-ul-Hasan,0,,Shoaib Malik,25,South Africa,Pakistan,115,Pakistan,New Wanderers Stadium,7,South Africa
187,30.2,1,AJ Hall,2007-02-14,1st,Naved-ul-Hasan,0,,Shoaib Malik,26,South Africa,Pakistan,116,Pakistan,New Wanderers Stadium,7,South Africa
188,30.3,0,AJ Hall,2007-02-14,1st,Shoaib Malik,26,,Naved-ul-Hasan,0,South Africa,Pakistan,116,Pakistan,New Wanderers Stadium,7,South Africa
189,30.4,0,AJ Hall,2007-02-14,1st,Shoaib Malik,26,,Naved-ul-Hasan,0,South Africa,Pakistan,116,Pakistan,New Wanderers Stadium,7,South Africa
190,30.5,0,AJ Hall,2007-02-14,1st,Shoaib Malik,26,,Naved-ul-Hasan,0,South Africa,Pakistan,116,Pakistan,New Wanderers Stadium,7,South Africa
191,30.6,0,AJ Hall,2007-02-14,1st,Shoaib Malik,26,,Naved-ul-Hasan,0,South Africa,Pakistan,116,Pakistan,New Wanderers Stadium,7,South Africa
192,31.1,0,JH Kallis,2007-02-14,1st,Naved-ul-Hasan,0,,Shoaib Malik,26,South Africa,Pakistan,116,Pakistan,New Wanderers Stadium,7,South Africa
193,31.2,0,JH Kallis,2007-02-14,1st,Naved-ul-Hasan,0,,Shoaib Malik,26,South Africa,Pakistan,116,Pakistan,New Wanderers Stadium,7,South Africa
194,31.3,0,JH Kallis,2007-02-14,1st,Naved-ul-Hasan,0,,Shoaib Malik,26,South Africa,Pakistan,116,Pakistan,New Wanderers Stadium,7,South Africa
195,31.4,4,JH Kallis,2007-02-14,1st,Naved-ul-Hasan,0,,Shoaib Malik,30,South Africa,Pakistan,120,Pakistan,New Wanderers Stadium,7,South Africa
196,31.5,1,JH Kallis,2007-02-14,1st,Naved-ul-Hasan,0,,Shoaib Malik,31,South Africa,Pakistan,121,Pakistan,New Wanderers Stadium,7,South Africa
197,31.6,1,JH Kallis,2007-02-14,1st,Shoaib Malik,31,,Naved-ul-Hasan,1,South Africa,Pakistan,122,Pakistan,New Wanderers Stadium,7,South Africa
198,32.1,0,JM Kemp,2007-02-14,1st,Shoaib Malik,31,,Naved-ul-Hasan,1,South Africa,Pakistan,122,Pakistan,New Wanderers Stadium,7,South Africa
199,32.2,0,JM Kemp,2007-02-14,1st,Shoaib Malik,31,,Naved-ul-Hasan,1,South Africa,Pakistan,122,Pakistan,New Wanderers Stadium,7,South Africa
200,32.3,2,JM Kemp,2007-02-14,1st,Shoaib Malik,31,,Naved-ul-Hasan,3,South Africa,Pakistan,124,Pakistan,New Wanderers Stadium,7,South Africa
201,32.4,4,JM Kemp,2007-02-14,1st,Shoaib Malik,31,,Naved-ul-Hasan,7,South Africa,Pakistan,128,Pakistan,New Wanderers Stadium,7,South Africa
202,32.5,1,JM Kemp,2007-02-14,1st,Shoaib Malik,31,,Naved-ul-Hasan,8,South Africa,Pakistan,129,Pakistan,New Wanderers Stadium,7,South Africa
203,32.6,0,JM Kemp,2007-02-14,1st,Naved-ul-Hasan,8,,Shoaib Malik,31,South Africa,Pakistan,129,Pakistan,New Wanderers Stadium,7,South Africa
204,33.1,0,JH Kallis,2007-02-14,1st,Shoaib Malik,31,Naved-ul-Hasan,Naved-ul-Hasan,8,South Africa,Pakistan,129,Pakistan,New Wanderers Stadium,8,South Africa
205,33.2,1,JH Kallis,2007-02-14,1st,Shoaib Malik,31,,Iftikhar Anjum,1,South Africa,Pakistan,130,Pakistan,New Wanderers Stadium,8,South Africa
206,33.3,1,JH Kallis,2007-02-14,1st,Iftikhar Anjum,1,,Shoaib Malik,32,South Africa,Pakistan,131,Pakistan,New Wanderers Stadium,8,South Africa
207,33.4,0,JH Kallis,2007-02-14,1st,Shoaib Malik,32,,Iftikhar Anjum,1,South Africa,Pakistan,131,Pakistan,New Wanderers Stadium,8,South Africa
208,33.5,2,JH Kallis,2007-02-14,1st,Shoaib Malik,32,,Iftikhar Anjum,3,South Africa,Pakistan,133,Pakistan,New Wanderers Stadium,8,South Africa
209,33.6,0,JH Kallis,2007-02-14,1st,Shoaib Malik,32,,Iftikhar Anjum,3,South Africa,Pakistan,133,Pakistan,New Wanderers Stadium,8,South Africa
210,34.1,0,JM Kemp,2007-02-14,1st,Iftikhar Anjum,3,,Shoaib Malik,32,South Africa,Pakistan,133,Pakistan,New Wanderers Stadium,8,South Africa
211,34.2,1,JM Kemp,2007-02-14,1st,Iftikhar Anjum,3,,Shoaib Malik,33,South Africa,Pakistan,134,Pakistan,New Wanderers Stadium,8,South Africa
212,34.3,0,JM Kemp,2007-02-14,1st,Shoaib Malik,33,,Iftikhar Anjum,3,South Africa,Pakistan,134,Pakistan,New Wanderers Stadium,8,South Africa
213,34.4,0,JM Kemp,2007-02-14,1st,Shoaib Malik,33,,Iftikhar Anjum,3,South Africa,Pakistan,134,Pakistan,New Wanderers Stadium,8,South Africa
214,34.5,1,JM Kemp,2007-02-14,1st,Shoaib Malik,33,,Iftikhar Anjum,4,South Africa,Pakistan,135,Pakistan,New Wanderers Stadium,8,South Africa
215,34.6,0,JM Kemp,2007-02-14,1st,Iftikhar Anjum,4,,Shoaib Malik,33,South Africa,Pakistan,135,Pakistan,New Wanderers Stadium,8,South Africa
216,35.1,0,JH Kallis,2007-02-14,1st,Shoaib Malik,33,,Iftikhar Anjum,4,South Africa,Pakistan,135,Pakistan,New Wanderers Stadium,8,South Africa
217,35.2,0,JH Kallis,2007-02-14,1st,Shoaib Malik,33,,Iftikhar Anjum,4,South Africa,Pakistan,135,Pakistan,New Wanderers Stadium,8,South Africa
218,35.3,0,JH Kallis,2007-02-14,1st,Shoaib Malik,33,,Iftikhar Anjum,4,South Africa,Pakistan,135,Pakistan,New Wanderers Stadium,8,South Africa
219,35.4,0,JH Kallis,2007-02-14,1st,Shoaib Malik,33,,Iftikhar Anjum,4,South Africa,Pakistan,135,Pakistan,New Wanderers Stadium,8,South Africa
220,35.5,0,JH Kallis,2007-02-14,1st,Shoaib Malik,33,,Iftikhar Anjum,4,South Africa,Pakistan,135,Pakistan,New Wanderers Stadium,8,South Africa
221,35.6,0,JH Kallis,2007-02-14,1st,Shoaib Malik,33,Iftikhar Anjum,Iftikhar Anjum,4,South Africa,Pakistan,135,Pakistan,New Wanderers Stadium,9,South Africa
222,36.1,0,JM Kemp,2007-02-14,1st,Mohammad Asif,0,,Shoaib Malik,33,South Africa,Pakistan,135,Pakistan,New Wanderers Stadium,9,South Africa
223,36.2,1,JM Kemp,2007-02-14,1st,Mohammad Asif,0,,Shoaib Malik,34,South Africa,Pakistan,136,Pakistan,New Wanderers Stadium,9,South Africa
224,36.3,0,JM Kemp,2007-02-14,1st,Shoaib Malik,34,,Mohammad Asif,0,South Africa,Pakistan,136,Pakistan,New Wanderers Stadium,9,South Africa
225,36.4,0,JM Kemp,2007-02-14,1st,Shoaib Malik,34,,Mohammad Asif,0,South Africa,Pakistan,136,Pakistan,New Wanderers Stadium,9,South Africa
226,36.5,0,JM Kemp,2007-02-14,1st,Shoaib Malik,34,,Mohammad Asif,0,South Africa,Pakistan,137,Pakistan,New Wanderers Stadium,9,South Africa
227,36.6,0,JM Kemp,2007-02-14,1st,Shoaib Malik,34,,Mohammad Asif,0,South Africa,Pakistan,137,Pakistan,New Wanderers Stadium,9,South Africa
228,36.7,0,JM Kemp,2007-02-14,1st,Shoaib Malik,34,,Mohammad Asif,0,South Africa,Pakistan,138,Pakistan,New Wanderers Stadium,9,South Africa
229,36.8,0,JM Kemp,2007-02-14,1st,Shoaib Malik,34,,Mohammad Asif,0,South Africa,Pakistan,138,Pakistan,New Wanderers Stadium,9,South Africa
230,37.1,0,JH Kallis,2007-02-14,1st,Mohammad Asif,0,,Shoaib Malik,34,South Africa,Pakistan,138,Pakistan,New Wanderers Stadium,9,South Africa
231,37.2,0,JH Kallis,2007-02-14,1st,Mohammad Asif,0,,Shoaib Malik,34,South Africa,Pakistan,138,Pakistan,New Wanderers Stadium,9,South Africa
232,37.3,0,JH Kallis,2007-02-14,1st,Mohammad Asif,0,,Shoaib Malik,34,South Africa,Pakistan,138,Pakistan,New Wanderers Stadium,9,South Africa
233,37.4,4,JH Kallis,2007-02-14,1st,Mohammad Asif,0,,Shoaib Malik,38,South Africa,Pakistan,142,Pakistan,New Wanderers Stadium,9,South Africa
234,37.5,1,JH Kallis,2007-02-14,1st,Mohammad Asif,0,,Shoaib Malik,39,South Africa,Pakistan,143,Pakistan,New Wanderers Stadium,9,South Africa
235,37.6,0,JH Kallis,2007-02-14,1st,Shoaib Malik,39,,Mohammad Asif,0,South Africa,Pakistan,143,Pakistan,New Wanderers Stadium,9,South Africa
236,38.1,1,JM Kemp,2007-02-14,1st,Mohammad Asif,0,,Shoaib Malik,40,South Africa,Pakistan,144,Pakistan,New Wanderers Stadium,9,South Africa
237,38.2,0,JM Kemp,2007-02-14,1st,Shoaib Malik,40,,Mohammad Asif,0,South Africa,Pakistan,144,Pakistan,New Wanderers Stadium,9,South Africa
238,38.3,2,JM Kemp,2007-02-14,1st,Shoaib Malik,40,,Mohammad Asif,2,South Africa,Pakistan,146,Pakistan,New Wanderers Stadium,9,South Africa
239,38.4,0,JM Kemp,2007-02-14,1st,Shoaib Malik,40,,Mohammad Asif,2,South Africa,Pakistan,146,Pakistan,New Wanderers Stadium,9,South Africa
240,38.5,0,JM Kemp,2007-02-14,1st,Shoaib Malik,40,,Mohammad Asif,2,South Africa,Pakistan,146,Pakistan,New Wanderers Stadium,9,South Africa
241,38.6,0,JM Kemp,2007-02-14,1st,Shoaib Malik,40,,Mohammad Asif,2,South Africa,Pakistan,147,Pakistan,New Wanderers Stadium,9,South Africa
242,38.7,2,JM Kemp,2007-02-14,1st,Shoaib Malik,40,,Mohammad Asif,4,South Africa,Pakistan,149,Pakistan,New Wanderers Stadium,9,South Africa
243,39.1,0,CK Langeveldt,2007-02-14,1st,Mohammad Asif,4,,Shoaib Malik,40,South Africa,Pakistan,149,Pakistan,New Wanderers Stadium,9,South Africa
244,39.2,0,CK Langeveldt,2007-02-14,1st,Mohammad Asif,4,,Shoaib Malik,40,South Africa,Pakistan,149,Pakistan,New Wanderers Stadium,9,South Africa
245,39.3,0,CK Langeveldt,2007-02-14,1st,Mohammad Asif,4,,Shoaib Malik,40,South Africa,Pakistan,149,Pakistan,New Wanderers Stadium,9,South Africa
246,39.4,1,CK Langeveldt,2007-02-14,1st,Mohammad Asif,4,,Shoaib Malik,41,South Africa,Pakistan,150,Pakistan,New Wanderers Stadium,9,South Africa
247,39.5,0,CK Langeveldt,2007-02-14,1st,Shoaib Malik,41,,Mohammad Asif,4,South Africa,Pakistan,150,Pakistan,New Wanderers Stadium,9,South Africa
248,39.6,0,CK Langeveldt,2007-02-14,1st,Shoaib Malik,41,,Mohammad Asif,4,South Africa,Pakistan,150,Pakistan,New Wanderers Stadium,9,South Africa
249,40.1,0,M Ntini,2007-02-14,1st,Mohammad Asif,4,,Shoaib Malik,41,South Africa,Pakistan,150,Pakistan,New Wanderers Stadium,9,South Africa
250,40.2,1,M Ntini,2007-02-14,1st,Mohammad Asif,4,,Shoaib Malik,42,South Africa,Pakistan,151,Pakistan,New Wanderers Stadium,9,South Africa
251,40.3,1,M Ntini,2007-02-14,1st,Shoaib Malik,42,,Mohammad Asif,5,South Africa,Pakistan,152,Pakistan,New Wanderers Stadium,9,South Africa
252,40.4,1,M Ntini,2007-02-14,1st,Mohammad Asif,5,,Shoaib Malik,43,South Africa,Pakistan,153,Pakistan,New Wanderers Stadium,9,South Africa
253,40.5,0,M Ntini,2007-02-14,1st,Shoaib Malik,43,Mohammad Asif,Mohammad Asif,5,South Africa,Pakistan,153,Pakistan,New Wanderers Stadium,10,South Africa
254,0.1,0,Mohammad Asif,2007-02-14,2nd,AB de Villiers,0,,GC Smith,0,South Africa,Pakistan,1,Pakistan,New Wanderers Stadium,0,South Africa
255,0.2,0,Mohammad Asif,2007-02-14,2nd,AB de Villiers,0,,GC Smith,0,South Africa,Pakistan,1,Pakistan,New Wanderers Stadium,1,South Africa
256,0.3,1,Mohammad Asif,2007-02-14,2nd,AB de Villiers,0,,JH Kallis,0,South Africa,Pakistan,2,Pakistan,New Wanderers Stadium,1,South Africa
257,0.4,0,Mohammad Asif,2007-02-14,2nd,JH Kallis,0,,AB de Villiers,0,South Africa,Pakistan,2,Pakistan,New Wanderers Stadium,1,South Africa
258,0.5,0,Mohammad Asif,2007-02-14,2nd,JH Kallis,0,,AB de Villiers,0,South Africa,Pakistan,2,Pakistan,New Wanderers Stadium,1,South Africa
259,0.6,0,Mohammad Asif,2007-02-14,2nd,JH Kallis,0,,AB de Villiers,0,South Africa,Pakistan,2,Pakistan,New Wanderers Stadium,1,South Africa
260,0.7,4,Mohammad Asif,2007-02-14,2nd,JH Kallis,0,,AB de Villiers,0,South Africa,Pakistan,6,Pakistan,New Wanderers Stadium,1,South Africa
261,1.1,1,Iftikhar Anjum,2007-02-14,2nd,AB de Villiers,0,,JH Kallis,0,South Africa,Pakistan,7,Pakistan,New Wanderers Stadium,1,South Africa
262,1.2,0,Iftikhar Anjum,2007-02-14,2nd,JH Kallis,0,,AB de Villiers,0,South Africa,Pakistan,7,Pakistan,New Wanderers Stadium,1,South Africa
263,1.3,0,Iftikhar Anjum,2007-02-14,2nd,JH Kallis,0,,AB de Villiers,0,South Africa,Pakistan,7,Pakistan,New Wanderers Stadium,1,South Africa
264,1.4,4,Iftikhar Anjum,2007-02-14,2nd,JH Kallis,0,,AB de Villiers,0,South Africa,Pakistan,11,Pakistan,New Wanderers Stadium,1,South Africa
265,1.5,0,Iftikhar Anjum,2007-02-14,2nd,JH Kallis,0,,AB de Villiers,0,South Africa,Pakistan,11,Pakistan,New Wanderers Stadium,1,South Africa
266,1.6,1,Iftikhar Anjum,2007-02-14,2nd,JH Kallis,0,,AB de Villiers,0,South Africa,Pakistan,12,Pakistan,New Wanderers Stadium,1,South Africa
267,2.1,0,Mohammad Asif,2007-02-14,2nd,JH Kallis,0,,AB de Villiers,0,South Africa,Pakistan,12,Pakistan,New Wanderers Stadium,1,South Africa
268,2.2,0,Mohammad Asif,2007-02-14,2nd,JH Kallis,0,,AB de Villiers,0,South Africa,Pakistan,13,Pakistan,New Wanderers Stadium,1,South Africa
269,2.3,4,Mohammad Asif,2007-02-14,2nd,JH Kallis,0,,AB de Villiers,0,South Africa,Pakistan,17,Pakistan,New Wanderers Stadium,1,South Africa
270,2.4,1,Mohammad Asif,2007-02-14,2nd,JH Kallis,0,,AB de Villiers,0,South Africa,Pakistan,18,Pakistan,New Wanderers Stadium,1,South Africa
271,2.5,1,Mohammad Asif,2007-02-14,2nd,AB de Villiers,0,,JH Kallis,0,South Africa,Pakistan,19,Pakistan,New Wanderers Stadium,1,South Africa
272,2.6,0,Mohammad Asif,2007-02-14,2nd,JH Kallis,0,,AB de Villiers,0,South Africa,Pakistan,19,Pakistan,New Wanderers Stadium,1,South Africa
273,2.7,0,Mohammad Asif,2007-02-14,2nd,JH Kallis,0,,AB de Villiers,0,South Africa,Pakistan,19,Pakistan,New Wanderers Stadium,1,South Africa
274,3.1,0,Iftikhar Anjum,2007-02-14,2nd,AB de Villiers,0,,JH Kallis,0,South Africa,Pakistan,19,Pakistan,New Wanderers Stadium,1,South Africa
275,3.2,0,Iftikhar Anjum,2007-02-14,2nd,AB de Villiers,0,,JH Kallis,0,South Africa,Pakistan,19,Pakistan,New Wanderers Stadium,1,South Africa
276,3.3,0,Iftikhar Anjum,2007-02-14,2nd,AB de Villiers,0,,JH Kallis,0,South Africa,Pakistan,19,Pakistan,New Wanderers Stadium,1,South Africa
277,3.4,0,Iftikhar Anjum,2007-02-14,2nd,AB de Villiers,0,,JH Kallis,0,South Africa,Pakistan,19,Pakistan,New Wanderers Stadium,1,South Africa
278,3.5,0,Iftikhar Anjum,2007-02-14,2nd,AB de Villiers,0,,JH Kallis,0,South Africa,Pakistan,19,Pakistan,New Wanderers Stadium,1,South Africa
279,3.6,0,Iftikhar Anjum,2007-02-14,2nd,AB de Villiers,0,,JH Kallis,0,South Africa,Pakistan,19,Pakistan,New Wanderers Stadium,1,South Africa
280,4.1,0,Mohammad Asif,2007-02-14,2nd,JH Kallis,0,,AB de Villiers,0,South Africa,Pakistan,19,Pakistan,New Wanderers Stadium,1,South Africa
281,4.2,0,Mohammad Asif,2007-02-14,2nd,JH Kallis,0,,AB de Villiers,0,South Africa,Pakistan,19,Pakistan,New Wanderers Stadium,1,South Africa
282,4.3,0,Mohammad Asif,2007-02-14,2nd,JH Kallis,0,,AB de Villiers,0,South Africa,Pakistan,20,Pakistan,New Wanderers Stadium,1,South Africa
283,4.4,0,Mohammad Asif,2007-02-14,2nd,JH Kallis,0,,AB de Villiers,0,South Africa,Pakistan,20,Pakistan,New Wanderers Stadium,1,South Africa
284,4.5,0,Mohammad Asif,2007-02-14,2nd,JH Kallis,0,,AB de Villiers,0,South Africa,Pakistan,20,Pakistan,New Wanderers Stadium,1,South Africa
285,4.6,0,Mohammad Asif,2007-02-14,2nd,JH Kallis,0,,AB de Villiers,0,South Africa,Pakistan,20,Pakistan,New Wanderers Stadium,1,South Africa
286,4.7,0,Mohammad Asif,2007-02-14,2nd,JH Kallis,0,,AB de Villiers,0,South Africa,Pakistan,20,Pakistan,New Wanderers Stadium,1,South Africa
287,5.1,0,Iftikhar Anjum,2007-02-14,2nd,AB de Villiers,0,,JH Kallis,0,South Africa,Pakistan,20,Pakistan,New Wanderers Stadium,1,South Africa
288,5.2,0,Iftikhar Anjum,2007-02-14,2nd,AB de Villiers,0,,JH Kallis,0,South Africa,Pakistan,20,Pakistan,New Wanderers Stadium,1,South Africa
289,5.3,0,Iftikhar Anjum,2007-02-14,2nd,AB de Villiers,0,,JH Kallis,0,South Africa,Pakistan,20,Pakistan,New Wanderers Stadium,1,South Africa
290,5.4,0,Iftikhar Anjum,2007-02-14,2nd,AB de Villiers,0,,JH Kallis,0,South Africa,Pakistan,20,Pakistan,New Wanderers Stadium,1,South Africa
291,5.5,0,Iftikhar Anjum,2007-02-14,2nd,AB de Villiers,0,,JH Kallis,0,South Africa,Pakistan,20,Pakistan,New Wanderers Stadium,1,South Africa
292,5.6,0,Iftikhar Anjum,2007-02-14,2nd,AB de Villiers,0,,JH Kallis,0,South Africa,Pakistan,21,Pakistan,New Wanderers Stadium,1,South Africa
293,6.1,0,Mohammad Asif,2007-02-14,2nd,AB de Villiers,0,,JH Kallis,0,South Africa,Pakistan,21,Pakistan,New Wanderers Stadium,1,South Africa
294,6.2,0,Mohammad Asif,2007-02-14,2nd,AB de Villiers,0,,JH Kallis,0,South Africa,Pakistan,21,Pakistan,New Wanderers Stadium,1,South Africa
295,6.3,0,Mohammad Asif,2007-02-14,2nd,AB de Villiers,0,,JH Kallis,0,South Africa,Pakistan,21,Pakistan,New Wanderers Stadium,1,South Africa
296,6.4,0,Mohammad Asif,2007-02-14,2nd,AB de Villiers,0,,JH Kallis,0,South Africa,Pakistan,21,Pakistan,New Wanderers Stadium,1,South Africa
297,6.5,0,Mohammad Asif,2007-02-14,2nd,AB de Villiers,0,,JH Kallis,0,South Africa,Pakistan,21,Pakistan,New Wanderers Stadium,1,South Africa
298,6.6,1,Mohammad Asif,2007-02-14,2nd,AB de Villiers,0,,JH Kallis,0,South Africa,Pakistan,22,Pakistan,New Wanderers Stadium,1,South Africa
299,7.1,0,Iftikhar Anjum,2007-02-14,2nd,AB de Villiers,0,,JH Kallis,0,South Africa,Pakistan,22,Pakistan,New Wanderers Stadium,1,South Africa
300,7.2,0,Iftikhar Anjum,2007-02-14,2nd,AB de Villiers,0,,JH Kallis,0,South Africa,Pakistan,22,Pakistan,New Wanderers Stadium,1,South Africa
301,7.3,0,Iftikhar Anjum,2007-02-14,2nd,AB de Villiers,0,,JH Kallis,0,South Africa,Pakistan,22,Pakistan,New Wanderers Stadium,1,South Africa
302,7.4,6,Iftikhar Anjum,2007-02-14,2nd,AB de Villiers,0,,JH Kallis,0,South Africa,Pakistan,28,Pakistan,New Wanderers Stadium,1,South Africa
303,7.5,4,Iftikhar Anjum,2007-02-14,2nd,AB de Villiers,0,,JH Kallis,0,South Africa,Pakistan,32,Pakistan,New Wanderers Stadium,1,South Africa
304,7.6,4,Iftikhar Anjum,2007-02-14,2nd,AB de Villiers,0,,JH Kallis,0,South Africa,Pakistan,36,Pakistan,New Wanderers Stadium,1,South Africa
305,8.1,1,Mohammad Asif,2007-02-14,2nd,JH Kallis,0,,AB de Villiers,0,South Africa,Pakistan,37,Pakistan,New Wanderers Stadium,1,South Africa
306,8.2,4,Mohammad Asif,2007-02-14,2nd,AB de Villiers,0,,JH Kallis,0,South Africa,Pakistan,41,Pakistan,New Wanderers Stadium,1,South Africa
307,8.3,4,Mohammad Asif,2007-02-14,2nd,AB de Villiers,0,,JH Kallis,0,South Africa,Pakistan,45,Pakistan,New Wanderers Stadium,1,South Africa
308,8.4,0,Mohammad Asif,2007-02-14,2nd,AB de Villiers,0,,JH Kallis,0,South Africa,Pakistan,45,Pakistan,New Wanderers Stadium,1,South Africa
309,8.5,0,Mohammad Asif,2007-02-14,2nd,AB de Villiers,0,,JH Kallis,0,South Africa,Pakistan,45,Pakistan,New Wanderers Stadium,1,South Africa
310,8.6,0,Mohammad Asif,2007-02-14,2nd,AB de Villiers,0,,JH Kallis,0,South Africa,Pakistan,45,Pakistan,New Wanderers Stadium,1,South Africa
311,9.1,0,Iftikhar Anjum,2007-02-14,2nd,JH Kallis,0,,AB de Villiers,0,South Africa,Pakistan,45,Pakistan,New Wanderers Stadium,1,South Africa
312,9.2,0,Iftikhar Anjum,2007-02-14,2nd,JH Kallis,0,,AB de Villiers,0,South Africa,Pakistan,45,Pakistan,New Wanderers Stadium,1,South Africa
313,9.3,1,Iftikhar Anjum,2007-02-14,2nd,JH Kallis,0,,AB de Villiers,0,South Africa,Pakistan,46,Pakistan,New Wanderers Stadium,1,South Africa
314,9.4,1,Iftikhar Anjum,2007-02-14,2nd,AB de Villiers,0,,JH Kallis,0,South Africa,Pakistan,47,Pakistan,New Wanderers Stadium,1,South Africa
315,9.5,0,Iftikhar Anjum,2007-02-14,2nd,JH Kallis,0,,AB de Villiers,0,South Africa,Pakistan,47,Pakistan,New Wanderers Stadium,1,South Africa
316,9.6,0,Iftikhar Anjum,2007-02-14,2nd,JH Kallis,0,,AB de Villiers,0,South Africa,Pakistan,47,Pakistan,New Wanderers Stadium,1,South Africa
317,10.1,1,Naved-ul-Hasan,2007-02-14,2nd,AB de Villiers,0,,JH Kallis,0,South Africa,Pakistan,48,Pakistan,New Wanderers Stadium,1,South Africa
318,10.2,3,Naved-ul-Hasan,2007-02-14,2nd,JH Kallis,0,,AB de Villiers,0,South Africa,Pakistan,52,Pakistan,New Wanderers Stadium,1,South Africa
319,10.3,0,Naved-ul-Hasan,2007-02-14,2nd,AB de Villiers,0,,JH Kallis,0,South Africa,Pakistan,52,Pakistan,New Wanderers Stadium,1,South Africa
320,10.4,1,Naved-ul-Hasan,2007-02-14,2nd,AB de Villiers,0,,JH Kallis,0,South Africa,Pakistan,53,Pakistan,New Wanderers Stadium,1,South Africa
321,10.5,0,Naved-ul-Hasan,2007-02-14,2nd,JH Kallis,0,,AB de Villiers,0,South Africa,Pakistan,54,Pakistan,New Wanderers Stadium,1,South Africa
322,10.6,0,Naved-ul-Hasan,2007-02-14,2nd,JH Kallis,0,,AB de Villiers,0,South Africa,Pakistan,54,Pakistan,New Wanderers Stadium,1,South Africa
323,10.7,0,Naved-ul-Hasan,2007-02-14,2nd,JH Kallis,0,,AB de Villiers,0,South Africa,Pakistan,54,Pakistan,New Wanderers Stadium,1,South Africa
324,10.8,0,Naved-ul-Hasan,2007-02-14,2nd,JH Kallis,0,,AB de Villiers,0,South Africa,Pakistan,54,Pakistan,New Wanderers Stadium,1,South Africa
325,11.1,0,Iftikhar Anjum,2007-02-14,2nd,AB de Villiers,0,,JH Kallis,0,South Africa,Pakistan,54,Pakistan,New Wanderers Stadium,1,South Africa
326,11.2,1,Iftikhar Anjum,2007-02-14,2nd,AB de Villiers,0,,JH Kallis,0,South Africa,Pakistan,55,Pakistan,New Wanderers Stadium,1,South Africa
327,11.3,0,Iftikhar Anjum,2007-02-14,2nd,JH Kallis,0,,AB de Villiers,0,South Africa,Pakistan,55,Pakistan,New Wanderers Stadium,1,South Africa
328,11.4,0,Iftikhar Anjum,2007-02-14,2nd,JH Kallis,0,,AB de Villiers,0,South Africa,Pakistan,55,Pakistan,New Wanderers Stadium,1,South Africa
329,11.5,0,Iftikhar Anjum,2007-02-14,2nd,JH Kallis,0,,AB de Villiers,0,South Africa,Pakistan,55,Pakistan,New Wanderers Stadium,1,South Africa
330,11.6,1,Iftikhar Anjum,2007-02-14,2nd,JH Kallis,0,,AB de Villiers,0,South Africa,Pakistan,56,Pakistan,New Wanderers Stadium,1,South Africa
331,12.1,0,Naved-ul-Hasan,2007-02-14,2nd,JH Kallis,0,,AB de Villiers,0,South Africa,Pakistan,56,Pakistan,New Wanderers Stadium,1,South Africa
332,12.2,4,Naved-ul-Hasan,2007-02-14,2nd,JH Kallis,0,,AB de Villiers,0,South Africa,Pakistan,61,Pakistan,New Wanderers Stadium,1,South Africa
333,12.3,0,Naved-ul-Hasan,2007-02-14,2nd,JH Kallis,0,,AB de Villiers,0,South Africa,Pakistan,61,Pakistan,New Wanderers Stadium,1,South Africa
334,12.4,1,Naved-ul-Hasan,2007-02-14,2nd,JH Kallis,0,,AB de Villiers,0,South Africa,Pakistan,62,Pakistan,New Wanderers Stadium,1,South Africa
335,12.5,0,Naved-ul-Hasan,2007-02-14,2nd,AB de Villiers,0,,JH Kallis,0,South Africa,Pakistan,62,Pakistan,New Wanderers Stadium,1,South Africa
336,12.6,1,Naved-ul-Hasan,2007-02-14,2nd,AB de Villiers,0,,JH Kallis,0,South Africa,Pakistan,63,Pakistan,New Wanderers Stadium,1,South Africa
337,12.7,0,Naved-ul-Hasan,2007-02-14,2nd,JH Kallis,0,,AB de Villiers,0,South Africa,Pakistan,63,Pakistan,New Wanderers Stadium,1,South Africa
338,13.1,1,Iftikhar Anjum,2007-02-14,2nd,AB de Villiers,0,,JH Kallis,0,South Africa,Pakistan,64,Pakistan,New Wanderers Stadium,1,South Africa
339,13.2,0,Iftikhar Anjum,2007-02-14,2nd,JH Kallis,0,,AB de Villiers,0,South Africa,Pakistan,64,Pakistan,New Wanderers Stadium,1,South Africa
340,13.3,1,Iftikhar Anjum,2007-02-14,2nd,JH Kallis,0,,AB de Villiers,0,South Africa,Pakistan,65,Pakistan,New Wanderers Stadium,1,South Africa
341,13.4,0,Iftikhar Anjum,2007-02-14,2nd,AB de Villiers,0,,JH Kallis,0,South Africa,Pakistan,65,Pakistan,New Wanderers Stadium,1,South Africa
342,13.5,0,Iftikhar Anjum,2007-02-14,2nd,AB de Villiers,0,,JH Kallis,0,South Africa,Pakistan,65,Pakistan,New Wanderers Stadium,1,South Africa
343,13.6,0,Iftikhar Anjum,2007-02-14,2nd,AB de Villiers,0,,JH Kallis,0,South Africa,Pakistan,65,Pakistan,New Wanderers Stadium,1,South Africa
344,14.1,0,Naved-ul-Hasan,2007-02-14,2nd,JH Kallis,0,,AB de Villiers,0,South Africa,Pakistan,65,Pakistan,New Wanderers Stadium,1,South Africa
345,14.2,1,Naved-ul-Hasan,2007-02-14,2nd,JH Kallis,0,,AB de Villiers,0,South Africa,Pakistan,66,Pakistan,New Wanderers Stadium,1,South Africa
346,14.3,4,Naved-ul-Hasan,2007-02-14,2nd,AB de Villiers,0,,JH Kallis,0,South Africa,Pakistan,70,Pakistan,New Wanderers Stadium,1,South Africa
347,14.4,4,Naved-ul-Hasan,2007-02-14,2nd,AB de Villiers,0,,JH Kallis,0,South Africa,Pakistan,74,Pakistan,New Wanderers Stadium,1,South Africa
348,14.5,0,Naved-ul-Hasan,2007-02-14,2nd,AB de Villiers,0,,JH Kallis,0,South Africa,Pakistan,74,Pakistan,New Wanderers Stadium,1,South Africa
349,14.6,0,Naved-ul-Hasan,2007-02-14,2nd,AB de Villiers,0,,JH Kallis,0,South Africa,Pakistan,74,Pakistan,New Wanderers Stadium,1,South Africa
350,15.1,1,Abdul Razzaq,2007-02-14,2nd,JH Kallis,0,,AB de Villiers,0,South Africa,Pakistan,75,Pakistan,New Wanderers Stadium,1,South Africa
351,15.2,0,Abdul Razzaq,2007-02-14,2nd,AB de Villiers,0,,JH Kallis,0,South Africa,Pakistan,75,Pakistan,New Wanderers Stadium,1,South Africa
352,15.3,1,Abdul Razzaq,2007-02-14,2nd,AB de Villiers,0,,JH Kallis,0,South Africa,Pakistan,76,Pakistan,New Wanderers Stadium,1,South Africa
353,15.4,0,Abdul Razzaq,2007-02-14,2nd,JH Kallis,0,,AB de Villiers,0,South Africa,Pakistan,76,Pakistan,New Wanderers Stadium,1,South Africa
354,15.5,0,Abdul Razzaq,2007-02-14,2nd,JH Kallis,0,,AB de Villiers,0,South Africa,Pakistan,77,Pakistan,New Wanderers Stadium,1,South Africa
355,15.6,0,Abdul Razzaq,2007-02-14,2nd,JH Kallis,0,,AB de Villiers,0,South Africa,Pakistan,77,Pakistan,New Wanderers Stadium,1,South Africa
356,15.7,0,Abdul Razzaq,2007-02-14,2nd,JH Kallis,0,,AB de Villiers,0,South Africa,Pakistan,77,Pakistan,New Wanderers Stadium,1,South Africa
357,16.1,0,Naved-ul-Hasan,2007-02-14,2nd,AB de Villiers,0,,JH Kallis,0,South Africa,Pakistan,77,Pakistan,New Wanderers Stadium,1,South Africa
358,16.2,0,Naved-ul-Hasan,2007-02-14,2nd,AB de Villiers,0,,JH Kallis,0,South Africa,Pakistan,77,Pakistan,New Wanderers Stadium,1,South Africa
359,16.3,1,Naved-ul-Hasan,2007-02-14,2nd,AB de Villiers,0,,JH Kallis,0,South Africa,Pakistan,78,Pakistan,New Wanderers Stadium,1,South Africa
360,16.4,1,Naved-ul-Hasan,2007-02-14,2nd,JH Kallis,0,,AB de Villiers,0,South Africa,Pakistan,79,Pakistan,New Wanderers Stadium,1,South Africa
361,16.5,2,Naved-ul-Hasan,2007-02-14,2nd,AB de Villiers,0,,JH Kallis,0,South Africa,Pakistan,81,Pakistan,New Wanderers Stadium,1,South Africa
362,16.6,0,Naved-ul-Hasan,2007-02-14,2nd,AB de Villiers,0,,JH Kallis,0,South Africa,Pakistan,81,Pakistan,New Wanderers Stadium,1,South Africa
363,17.1,1,Abdul Razzaq,2007-02-14,2nd,JH Kallis,0,,AB de Villiers,0,South Africa,Pakistan,82,Pakistan,New Wanderers Stadium,1,South Africa
364,17.2,2,Abdul Razzaq,2007-02-14,2nd,AB de Villiers,0,,JH Kallis,0,South Africa,Pakistan,84,Pakistan,New Wanderers Stadium,1,South Africa
365,17.3,2,Abdul Razzaq,2007-02-14,2nd,AB de Villiers,0,,JH Kallis,0,South Africa,Pakistan,86,Pakistan,New Wanderers Stadium,1,South Africa
366,17.4,1,Abdul Razzaq,2007-02-14,2nd,AB de Villiers,0,,JH Kallis,0,South Africa,Pakistan,87,Pakistan,New Wanderers Stadium,1,South Africa
367,17.5,1,Abdul Razzaq,2007-02-14,2nd,JH Kallis,0,,AB de Villiers,0,South Africa,Pakistan,88,Pakistan,New Wanderers Stadium,1,South Africa
368,17.6,0,Abdul Razzaq,2007-02-14,2nd,AB de Villiers,0,,JH Kallis,0,South Africa,Pakistan,88,Pakistan,New Wanderers Stadium,1,South Africa
369,18.1,0,Naved-ul-Hasan,2007-02-14,2nd,JH Kallis,0,,AB de Villiers,0,South Africa,Pakistan,89,Pakistan,New Wanderers Stadium,1,South Africa
370,18.2,0,Naved-ul-Hasan,2007-02-14,2nd,JH Kallis,0,,AB de Villiers,0,South Africa,Pakistan,89,Pakistan,New Wanderers Stadium,1,South Africa
371,18.3,6,Naved-ul-Hasan,2007-02-14,2nd,JH Kallis,0,,AB de Villiers,0,South Africa,Pakistan,95,Pakistan,New Wanderers Stadium,1,South Africa
372,18.4,1,Naved-ul-Hasan,2007-02-14,2nd,JH Kallis,0,,AB de Villiers,0,South Africa,Pakistan,96,Pakistan,New Wanderers Stadium,1,South Africa
373,18.5,0,Naved-ul-Hasan,2007-02-14,2nd,AB de Villiers,0,,JH Kallis,0,South Africa,Pakistan,96,Pakistan,New Wanderers Stadium,1,South Africa
374,18.6,1,Naved-ul-Hasan,2007-02-14,2nd,AB de Villiers,0,,JH Kallis,0,South Africa,Pakistan,97,Pakistan,New Wanderers Stadium,1,South Africa
375,18.7,4,Naved-ul-Hasan,2007-02-14,2nd,JH Kallis,0,,AB de Villiers,0,South Africa,Pakistan,101,Pakistan,New Wanderers Stadium,1,South Africa
376,19.1,0,Abdul Razzaq,2007-02-14,2nd,AB de Villiers,0,,JH Kallis,0,South Africa,Pakistan,101,Pakistan,New Wanderers Stadium,1,South Africa
377,19.2,0,Abdul Razzaq,2007-02-14,2nd,AB de Villiers,0,,JH Kallis,0,South Africa,Pakistan,101,Pakistan,New Wanderers Stadium,1,South Africa
378,19.3,0,Abdul Razzaq,2007-02-14,2nd,AB de Villiers,0,,JH Kallis,0,South Africa,Pakistan,101,Pakistan,New Wanderers Stadium,1,South Africa
379,19.4,1,Abdul Razzaq,2007-02-14,2nd,AB de Villiers,0,,JH Kallis,0,South Africa,Pakistan,102,Pakistan,New Wanderers Stadium,1,South Africa
380,19.5,0,Abdul Razzaq,2007-02-14,2nd,JH Kallis,0,,AB de Villiers,0,South Africa,Pakistan,102,Pakistan,New Wanderers Stadium,1,South Africa
381,19.6,4,Abdul Razzaq,2007-02-14,2nd,JH Kallis,0,,AB de Villiers,0,South Africa,Pakistan,106,Pakistan,New Wanderers Stadium,1,South Africa
382,20.1,0,Shoaib Malik,2007-02-14,2nd,AB de Villiers,0,,JH Kallis,0,South Africa,Pakistan,107,Pakistan,New Wanderers Stadium,1,South Africa
383,20.2,0,Shoaib Malik,2007-02-14,2nd,AB de Villiers,0,,JH Kallis,0,South Africa,Pakistan,107,Pakistan,New Wanderers Stadium,1,South Africa
384,20.3,0,Shoaib Malik,2007-02-14,2nd,AB de Villiers,0,,JH Kallis,0,South Africa,Pakistan,109,Pakistan,New Wanderers Stadium,1,South Africa
385,20.4,2,Shoaib Malik,2007-02-14,2nd,AB de Villiers,0,,JH Kallis,0,South Africa,Pakistan,111,Pakistan,New Wanderers Stadium,1,South Africa
386,20.5,0,Shoaib Malik,2007-02-14,2nd,AB de Villiers,0,,JH Kallis,0,South Africa,Pakistan,111,Pakistan,New Wanderers Stadium,1,South Africa
387,20.6,1,Shoaib Malik,2007-02-14,2nd,AB de Villiers,0,,JH Kallis,0,South Africa,Pakistan,112,Pakistan,New Wanderers Stadium,1,South Africa
388,20.7,1,Shoaib Malik,2007-02-14,2nd,JH Kallis,0,,AB de Villiers,0,South Africa,Pakistan,113,Pakistan,New Wanderers Stadium,1,South Africa
389,21.1,1,Abdul Razzaq,2007-02-14,2nd,JH Kallis,0,,AB de Villiers,0,South Africa,Pakistan,114,Pakistan,New Wanderers Stadium,1,South Africa
390,21.2,0,Abdul Razzaq,2007-02-14,2nd,AB de Villiers,0,,JH Kallis,0,South Africa,Pakistan,114,Pakistan,New Wanderers Stadium,1,South Africa
391,21.3,0,Abdul Razzaq,2007-02-14,2nd,AB de Villiers,0,,JH Kallis,0,South Africa,Pakistan,114,Pakistan,New Wanderers Stadium,1,South Africa
392,21.4,0,Abdul Razzaq,2007-02-14,2nd,AB de Villiers,0,,JH Kallis,0,South Africa,Pakistan,114,Pakistan,New Wanderers Stadium,1,South Africa
393,21.5,1,Abdul Razzaq,2007-02-14,2nd,AB de Villiers,0,,JH Kallis,0,South Africa,Pakistan,115,Pakistan,New Wanderers Stadium,1,South Africa
394,21.6,1,Abdul Razzaq,2007-02-14,2nd,JH Kallis,0,,AB de Villiers,0,South Africa,Pakistan,116,Pakistan,New Wanderers Stadium,1,South Africa
395,22.1,1,Shoaib Malik,2007-02-14,2nd,JH Kallis,0,,AB de Villiers,0,South Africa,Pakistan,117,Pakistan,New Wanderers Stadium,1,South Africa
396,22.2,4,Shoaib Malik,2007-02-14,2nd,AB de Villiers,0,,JH Kallis,0,South Africa,Pakistan,121,Pakistan,New Wanderers Stadium,1,South Africa
397,22.3,1,Shoaib Malik,2007-02-14,2nd,AB de Villiers,0,,JH Kallis,0,South Africa,Pakistan,122,Pakistan,New Wanderers Stadium,1,South Africa
398,22.4,0,Shoaib Malik,2007-02-14,2nd,JH Kallis,0,,AB de Villiers,0,South Africa,Pakistan,122,Pakistan,New Wanderers Stadium,1,South Africa
399,22.5,0,Shoaib Malik,2007-02-14,2nd,JH Kallis,0,,AB de Villiers,0,South Africa,Pakistan,122,Pakistan,New Wanderers Stadium,1,South Africa
400,22.6,6,Shoaib Malik,2007-02-14,2nd,JH Kallis,0,,AB de Villiers,0,South Africa,Pakistan,128,Pakistan,New Wanderers Stadium,1,South Africa
401,23.1,1,Abdul Razzaq,2007-02-14,2nd,AB de Villiers,0,,JH Kallis,0,South Africa,Pakistan,129,Pakistan,New Wanderers Stadium,1,South Africa
402,23.2,2,Abdul Razzaq,2007-02-14,2nd,JH Kallis,0,,AB de Villiers,0,South Africa,Pakistan,132,Pakistan,New Wanderers Stadium,1,South Africa
403,23.3,0,Abdul Razzaq,2007-02-14,2nd,JH Kallis,0,,AB de Villiers,0,South Africa,Pakistan,132,Pakistan,New Wanderers Stadium,1,South Africa
404,23.4,0,Abdul Razzaq,2007-02-14,2nd,JH Kallis,0,,AB de Villiers,0,South Africa,Pakistan,132,Pakistan,New Wanderers Stadium,1,South Africa
405,23.5,2,Abdul Razzaq,2007-02-14,2nd,JH Kallis,0,,AB de Villiers,0,South Africa,Pakistan,134,Pakistan,New Wanderers Stadium,1,South Africa
406,23.6,0,Abdul Razzaq,2007-02-14,2nd,JH Kallis,0,,AB de Villiers,0,South Africa,Pakistan,134,Pakistan,New Wanderers Stadium,1,South Africa
407,23.7,1,Abdul Razzaq,2007-02-14,2nd,JH Kallis,0,,AB de Villiers,0,South Africa,Pakistan,135,Pakistan,New Wanderers Stadium,1,South Africa
408,24.1,0,Shoaib Malik,2007-02-14,2nd,JH Kallis,0,,AB de Villiers,0,South Africa,Pakistan,136,Pakistan,New Wanderers Stadium,1,South Africa
409,24.2,0,Shoaib Malik,2007-02-14,2nd,JH Kallis,0,,AB de Villiers,0,South Africa,Pakistan,136,Pakistan,New Wanderers Stadium,1,South Africa
410,24.3,1,Shoaib Malik,2007-02-14,2nd,JH Kallis,0,,AB de Villiers,0,South Africa,Pakistan,137,Pakistan,New Wanderers Stadium,1,South Africa
411,24.4,0,Shoaib Malik,2007-02-14,2nd,AB de Villiers,0,,JH Kallis,0,South Africa,Pakistan,137,Pakistan,New Wanderers Stadium,1,South Africa
412,24.5,1,Shoaib Malik,2007-02-14,2nd,AB de Villiers,0,,JH Kallis,0,South Africa,Pakistan,138,Pakistan,New Wanderers Stadium,1,South Africa
413,24.6,1,Shoaib Malik,2007-02-14,2nd,JH Kallis,0,,AB de Villiers,0,South Africa,Pakistan,139,Pakistan,New Wanderers Stadium,1,South Africa
414,24.7,1,Shoaib Malik,2007-02-14,2nd,AB de Villiers,0,,JH Kallis,0,South Africa,Pakistan,140,Pakistan,New Wanderers Stadium,1,South Africa
415,25.1,1,Mohammad Hafeez,2007-02-14,2nd,AB de Villiers,0,,JH Kallis,0,South Africa,Pakistan,141,Pakistan,New Wanderers Stadium,1,South Africa
416,25.2,0,Mohammad Hafeez,2007-02-14,2nd,JH Kallis,0,,AB de Villiers,0,South Africa,Pakistan,141,Pakistan,New Wanderers Stadium,1,South Africa
417,25.3,1,Mohammad Hafeez,2007-02-14,2nd,JH Kallis,0,,AB de Villiers,0,South Africa,Pakistan,142,Pakistan,New Wanderers Stadium,1,South Africa
418,25.4,1,Mohammad Hafeez,2007-02-14,2nd,AB de Villiers,0,,JH Kallis,0,South Africa,Pakistan,143,Pakistan,New Wanderers Stadium,1,South Africa
419,25.5,0,Mohammad Hafeez,2007-02-14,2nd,JH Kallis,0,,AB de Villiers,0,South Africa,Pakistan,143,Pakistan,New Wanderers Stadium,1,South Africa
420,25.6,1,Mohammad Hafeez,2007-02-14,2nd,JH Kallis,0,,AB de Villiers,0,South Africa,Pakistan,144,Pakistan,New Wanderers Stadium,1,South Africa
421,26.1,2,Shoaib Malik,2007-02-14,2nd,JH Kallis,0,,AB de Villiers,0,South Africa,Pakistan,146,Pakistan,New Wanderers Stadium,1,South Africa
422,26.2,0,Shoaib Malik,2007-02-14,2nd,JH Kallis,0,,AB de Villiers,0,South Africa,Pakistan,146,Pakistan,New Wanderers Stadium,1,South Africa
423,26.3,0,Shoaib Malik,2007-02-14,2nd,JH Kallis,0,,AB de Villiers,0,South Africa,Pakistan,146,Pakistan,New Wanderers Stadium,1,South Africa
424,26.4,0,Shoaib Malik,2007-02-14,2nd,JH Kallis,0,,AB de Villiers,0,South Africa,Pakistan,146,Pakistan,New Wanderers Stadium,1,South Africa
425,26.5,0,Shoaib Malik,2007-02-14,2nd,JH Kallis,0,,AB de Villiers,0,South Africa,Pakistan,146,Pakistan,New Wanderers Stadium,1,South Africa
426,26.6,0,Shoaib Malik,2007-02-14,2nd,JH Kallis,0,,AB de Villiers,0,South Africa,Pakistan,146,Pakistan,New Wanderers Stadium,1,South Africa
427,27.1,0,Mohammad Hafeez,2007-02-14,2nd,AB de Villiers,0,,JH Kallis,0,South Africa,Pakistan,146,Pakistan,New Wanderers Stadium,1,South Africa
428,27.2,0,Mohammad Hafeez,2007-02-14,2nd,AB de Villiers,0,,JH Kallis,0,South Africa,Pakistan,146,Pakistan,New Wanderers Stadium,1,South Africa
429,27.3,4,Mohammad Hafeez,2007-02-14,2nd,AB de Villiers,0,,JH Kallis,0,South Africa,Pakistan,150,Pakistan,New Wanderers Stadium,1,South Africa
430,27.4,0,Mohammad Hafeez,2007-02-14,2nd,AB de Villiers,0,,JH Kallis,0,South Africa,Pakistan,150,Pakistan,New Wanderers Stadium,1,South Africa
431,27.5,0,Mohammad Hafeez,2007-02-14,2nd,AB de Villiers,0,,JH Kallis,0,South Africa,Pakistan,150,Pakistan,New Wanderers Stadium,1,South Africa
432,27.6,1,Mohammad Hafeez,2007-02-14,2nd,AB de Villiers,0,,JH Kallis,0,South Africa,Pakistan,151,Pakistan,New Wanderers Stadium,1,South Africa
433,28.1,1,Shoaib Malik,2007-02-14,2nd,AB de Villiers,0,,JH Kallis,0,South Africa,Pakistan,152,Pakistan,New Wanderers Stadium,1,South Africa
434,28.2,4,Shoaib Malik,2007-02-14,2nd,JH Kallis,0,,AB de Villiers,0,South Africa,Pakistan,156,Pakistan,New Wanderers Stadium,1,South Africa
